BEGIN TRANSACTION

CREATE TABLE categories (
  id varchar(255) NOT NULL,
  name varchar(255) NOT NULL,
  description text NOT NULL,
  meta_keywords varchar(255) NOT NULL,
  meta_description varchar(255) NOT NULL,
  created TEXT DEFAULT CURRENT_TIMESTAMP(),
  modified TEXT DEFAULT CURRENT_TIMESTAMP()
);

INSERT INTO categories (id, name, description, meta_keywords, meta_description, created, modified) VALUES
('fantasy-wallpapers', 'Fantasy Wallpapers', 'Embark on a journey to mythical worlds with our collection of free HD and 4K Fantasy Wallpapers. Discover epic scenes of dragon-guarded castles, enchanted forests, floating cities, and powerful sorcerers. From high fantasy and dark mystic realms to dreamy celestial landscapes, find the perfect desktop or phone background to fuel your imagination. Download stunning digital art and transform your screen into a gateway to another dimension.', 'Download free HD & 4K Fantasy Wallpapers for your desktop & phone. Epic dragon scenes, mystical sorcerers, enchanted forests, and floating cities. Find your next magical background today!', 'fantasy wallpapers, fantasy art, digital art background, epic fantasy, dragon wallpaper, mystic scenery, sorcerer background, enchanted forest, floating city, 4k fantasy, hd desktop background, free download', '2025-11-09 15:47:53', '2025-11-09 15:47:53'),
('nature-wallpapers', 'Nature Wallpapers', 'Download stunning, high-resolution nature wallpapers to refresh your desktop, phone, or tablet. Our curated collection features breathtaking landscapes, from serene forest trails and majestic mountain peaks to vibrant tropical beaches and tranquil lakes. Find the perfect free HD and 4K background to bring the beauty of the outdoors to your screen. New wallpapers added daily.', 'Download free HD & 4K Nature Wallpapers for your desktop & phone. Breathtaking landscapes, mountain views, forest scenes, and beach backgrounds. Find your perfect screen saver today!', 'nature wallpapers, free desktop backgrounds, HD nature wallpapers, 4k nature backgrounds, mountain wallpaper, forest background, landscape wallpapers, phone wallpapers, scenic backgrounds, download wallpapers', '2025-11-07 16:46:55', '2025-11-07 16:46:55'),
('tech-wallpapers', 'Tech Wallpapers', 'Transform your desktop, phone, or tablet with our collection of high-resolution tech wallpapers. Dive into futuristic cyberpunk cities, abstract digital data streams, sleek minimalist setups, and glowing circuit boards. Whether you are a developer, gamer, or simply a tech enthusiast, find the perfect free HD and 4K background to match your cutting-edge style. Discover dynamic scenes that bring the power and innovation of technology to your screen.', 'Download free HD & 4K Tech Wallpapers for your desktop & phone. Futuristic cyberpunk cities, abstract digital art, glowing circuits, and minimalist tech backgrounds for a cutting-edge setup.', 'tech wallpapers, futuristic backgrounds, cyberpunk wallpaper, abstract tech, digital art desktop, free 4k backgrounds, coding wallpaper, gaming wallpapers, minimalist tech, neon cityscape, glowing circuits, technology aesthetic', '2025-11-08 06:34:58', '2025-11-08 06:34:58');

CREATE TABLE wallpapers (
  id varchar(255) NOT NULL,
  image_link varchar(255) NOT NULL,
  image_name varchar(255) NOT NULL,
  device_type  varchar(255) NOT NULL,
  categories varchar(255) NOT NULL,
  downloads INTEGER NOT NULL,
  last_downloaded datetime NOT NULL,
  image_views INTEGER NOT NULL,
  last_viewed datetime NOT NULL,
  created TEXT DEFAULT CURRENT_TIMESTAMP(),
  modified TEXT DEFAULT CURRENT_TIMESTAMP(),
  alt_text varchar(255) NOT NULL,
  meta_keywords varchar(255) NOT NULL,
  description text NOT NULL,
  meta_description varchar(255) NOT NULL
);

INSERT INTO wallpapers (id, image_link, image_name, device_type, categories, downloads, last_downloaded, image_views, last_viewed, created, modified, alt_text, meta_keywords, description, meta_description) VALUES
('abstract-glowing-circuit-board-with-data-streams-tech-art-wallpaper', '/public/uploads/wallpapers/Abstract Glowing Circuit Board with Data Streams  Tech Art Wallpaper.jpeg', 'Abstract Glowing Circuit Board with Data Streams | Tech Art Wallpaper', 'desktop', '', 0, '0000-00-00 00:00:00', 0, '0000-00-00 00:00:00', '2025-11-08 06:40:08', '2025-11-08 06:40:08', 'Abstract Glowing Circuit Board with Data Streams | Tech Art Wallpaper', 'abstract tech wallpaper, circuit board background, data flow art, glowing lines desktop, digital art wallpaper, technology abstract, free futuristic download, coder wallpaper', 'Showcase the hidden beauty of technology with this abstract circuit board wallpaper. This artistic render visualizes data as vibrant, glowing streams of light flowing through intricate, golden pathways. The deep black background makes the luminous cyan and orange colors pop, creating a sleek, modern, and intellectual background that is perfect for any desktop.', 'Download this free abstract tech wallpaper of a glowing circuit board with flowing data streams. A sleek, futuristic digital art background for your computer.'),
('aerial-view-of-tropical-beach-with-turquoise-water-4k-wallpaper', '/public/uploads/wallpapers/Aerial View of Tropical Beach with Turquoise Water  4K Wallpaper.jpeg', 'Aerial View of Tropical Beach with Turquoise Water | 4K Wallpaper', 'desktop', '', 0, '0000-00-00 00:00:00', 0, '0000-00-00 00:00:00', '2025-11-07 17:18:17', '2025-11-07 17:18:17', 'Aerial View of Tropical Beach with Turquoise Water | 4K Wallpaper', 'tropical beach wallpaper, aerial beach 4k background, paradise desktop wallpaper, turquoise water screensaver, vacation wallpapers free, tropical escape background', 'Escape to paradise with this breathtaking aerial 4K wallpaper. Featuring a birds-eye view of a pristine tropical coastline, the image showcases the stunning contrast between crystal-clear turquoise water, bright white sand, and lush green palm trees. This vibrant and calming background is the perfect free download for bringing vacation vibes and serene beauty to your desktop or mobile device every day.', 'Get your free 4K tropical paradise wallpaper! This stunning aerial view of a beach with turquoise water and palm trees is the ultimate HD background for your desktop, bringing serene vacation vibes instantly.'),
('archmage-channeling-prismatic-chaos-magic-4k-fantasy-wallpaper', '/public/uploads/wallpapers/Archmage Channeling Prismatic Chaos Magic  4K Fantasy Wallpaper.jpeg', 'Archmage Channeling Prismatic Chaos Magic  4K Fantasy Wallpaper', 'desktop', '', 0, '0000-00-00 00:00:00', 0, '0000-00-00 00:00:00', '2025-11-10 18:45:21', '2025-11-10 18:45:21', 'Archmage Channeling Prismatic Chaos Magic  4K Fantasy Wallpaper', 'archmage wallpaper, chaos magic fantasy, wizard spellcasting, epic library background, HD fantasy art, powerful mage, free 4k download, dynamic fantasy scene', 'Download this epic 4K fantasy wallpaper of an archmage channeling raw, prismatic chaos magic inside a vast, floating library. This dynamic and powerful HD desktop background captures the untamed energy of high fantasy spellcasting.', 'Download a free 4K fantasy wallpaper of an archmage channeling prismatic chaos magic in a vast library. This dynamic and powerful HD desktop background is perfect for magic and wizard art fans.'),
('aurora-borealis-reflected-in-a-serene-mountain-fjord-4k-night-wallpaper', '/public/uploads/wallpapers/Aurora Borealis Reflected in a Serene Mountain Fjord  4K Night Wallpaper.jpeg', 'Aurora Borealis Reflected in a Serene Mountain Fjord | 4K Night Wallpaper', 'desktop', '', 0, '0000-00-00 00:00:00', 0, '0000-00-00 00:00:00', '2025-11-07 18:16:00', '2025-11-07 18:16:00', 'Aurora Borealis Reflected in a Serene Mountain Fjord | 4K Night Wallpaper', 'northern lights desktop background, aurora borealis 4k wallpaper, fjord night scene, starry sky wallpapers, dark nature backgrounds, free hd aurora download, reflective water wallpaper', 'Experience the magic of the Arctic night with this stunning 4K wallpaper. The vibrant curtains of the Northern Lights dance across a star-filled sky, casting an ethereal glow over a peaceful mountain fjord. The reflection on the crystal-clear water and the cozy cabin light create a scene of ultimate tranquility and natural wonder, making for a mesmerizing desktop background.', 'Download this free 4K wallpaper of the Aurora Borealis dancing over a serene mountain fjord. A mesmerizing night sky background with stunning reflections for your desktop.'),
('celestial-warrior-vs-dark-vortex-epic-4k-fantasy-wallpaper', '/public/uploads/wallpapers/Celestial Warrior vs Dark Vortex  Epic 4K Fantasy Wallpaper.jpeg', 'Celestial Warrior vs Dark Vortex | Epic 4K Fantasy Wallpaper', 'desktop', '', 0, '0000-00-00 00:00:00', 0, '0000-00-00 00:00:00', '2025-11-09 16:15:26', '2025-11-09 16:15:26', 'Celestial Warrior vs Dark Vortex | Epic 4K Fantasy Wallpaper', 'celestial warrior wallpaper, epic fantasy battle, angelic fighter 4k, dark vortex background, HD fantasy art, high resolution wallpaper, free download, cinematic fantasy', 'Download this epic free 4K fantasy wallpaper featuring a celestial warrior confronting a vortex of dark energy on a floating island. This HD desktop background captures a scene of immense power and drama, perfect for fans of high fantasy and celestial art.', 'Download a free 4K fantasy wallpaper of a celestial warrior facing a dark energy vortex on a floating island. This epic HD desktop background features dramatic lightning and high-fantasy action.'),
('desert-of-two-moons-with-ancient-ruins-4k-fantasy-wallpaper', '/public/uploads/wallpapers/Desert of Two Moons with Ancient Ruins  4K Fantasy Wallpaper.jpeg', 'Desert of Two Moons with Ancient Ruins | 4K Fantasy Wallpaper', 'desktop', '', 0, '0000-00-00 00:00:00', 0, '0000-00-00 00:00:00', '2025-11-10 18:28:33', '2025-11-10 18:28:33', 'Desert of Two Moons with Ancient Ruins | 4K Fantasy Wallpaper', 'desert fantasy wallpaper, two moons sky, ancient ruins background, epic fantasy landscape, HD desktop wallpaper, mysterious fantasy art, free 4k download', 'Explore a mysterious world with this free 4K fantasy wallpaper. This scene depicts a vast desert under a twin-moon sky, featuring ancient, colossal ruins and a lone adventurer, creating an epic and desolate HD desktop background.', 'Download a free 4K fantasy wallpaper of a desert under a twin-moon sky with ancient giant ruins. This epic and mysterious HD desktop background is perfect for sci-fi and fantasy fans.'),
('dragon-guardian-of-the-ancient-tree-city-4k-fantasy-wallpaper', '/public/uploads/wallpapers/an_ancient_massive_tree_with_a_sprawling.jpeg', 'Dragon Guardian of the Ancient Tree City | 4K Fantasy Wallpaper', 'desktop', '', 0, '0000-00-00 00:00:00', 0, '0000-00-00 00:00:00', '2025-11-09 15:50:09', '2025-11-09 15:50:09', 'Dragon Guardian of the Ancient Tree City | 4K Fantasy Wallpaper', 'dragon fantasy wallpaper, 4k fantasy art, ancient tree city, HD desktop background, guardian dragon, high resolution wallpapers, free download', 'Download this free 4K fantasy wallpaper of an ancient tree city guarded by a wise, iridescent dragon. This epic scene of magical architecture and serene power is perfect as an HD desktop background for fans of high fantasy and dragon art.', 'Download a free 4K fantasy wallpaper of an ancient tree city guarded by a wise dragon. This epic HD desktop background is perfect for fans of high fantasy and mythical creatures.'),
('dwarven-king-on-stone-throne-in-mountain-hall-4k-fantasy-wallpaper', '/public/uploads/wallpapers/Dwarven King on Stone Throne in Mountain Hall  4K Fantasy Wallpaper.jpeg', 'Dwarven King on Stone Throne in Mountain Hall | 4K Fantasy Wallpaper', 'desktop', '', 0, '0000-00-00 00:00:00', 0, '0000-00-00 00:00:00', '2025-11-10 18:36:38', '2025-11-10 18:36:38', 'Dwarven King on Stone Throne in Mountain Hall | 4K Fantasy Wallpaper', 'dwarven king wallpaper, fantasy throne room, dwarf art 4k, mountain hall background, HD fantasy character, epic high fantasy, free download', 'Download this epic 4K fantasy wallpaper of a Dwarven king on his rune-carved stone throne inside a grand mountain hall. This detailed scene, filled with treasure and torchlight, makes a powerful and majestic HD desktop background.', 'Download a free 4K fantasy wallpaper of a Dwarven king on his throne in a majestic mountain hall. This epic and detailed HD desktop background is perfect for high fantasy fans.'),
('endless-blooming-lavender-field-at-sunrise-purple-nature-wallpaper', '/public/uploads/wallpapers/Endless Blooming Lavender Field at Sunrise  Purple Nature Wallpaper.jpeg', 'Endless Blooming Lavender Field at Sunrise | Purple Nature Wallpaper', 'mobile', '', 0, '0000-00-00 00:00:00', 0, '0000-00-00 00:00:00', '2025-11-08 06:27:25', '2025-11-08 06:27:25', 'Endless Blooming Lavender Field at Sunrise | Purple Nature Wallpaper', 'lavender field desktop, purple nature wallpaper, serene floral background, provence landscape, aesthetic wallpapers, peaceful sunrise scene, free hd flower backgrounds', 'Transform your screen into a serene and fragrant paradise with this lavender field wallpaper. This beautiful background captures the iconic sight of endless purple rows at the magical hour of sunrise, with soft mist and warm light adding to the dreamy atmosphere. This free HD download is perfect for creating a calm, romantic, and aesthetically pleasing setup on your desktop.', 'Download this free serene wallpaper of an endless lavender field at sunrise. A beautiful purple floral background to create a calm and dreamy aesthetic on your desktop.'),
('macro-dewdrops-on-a-spider-web-detailed-nature-wallpaper', '/public/uploads/wallpapers/Macro Dewdrops on a Spider Web  Detailed Nature Wallpaper.jpeg', 'Macro Dewdrops on a Spider Web | Detailed Nature Wallpaper', 'desktop', '', 0, '0000-00-00 00:00:00', 0, '0000-00-00 00:00:00', '2025-11-08 06:30:04', '2025-11-08 06:30:04', 'Macro Dewdrops on a Spider Web | Detailed Nature Wallpaper', 'macro nature wallpaper, dewdrop on web background, close up photography wallpapers, detailed desktop background, unique nature art, free hd macro download, spider web with water drops', 'Discover the hidden beauty of the natural world with this stunning macro wallpaper. This incredibly detailed image captures morning dewdrops perfectly suspended on an intricate spider web, each one acting as a miniature lens. This unique and artistic free download is perfect for adding a touch of delicate, high-detail beauty to your desktop screen.', 'Download this free macro wallpaper of detailed dewdrops on a spider web. A unique and delicate nature background for your desktop, showcasing the hidden beauty of the world.'),
('magical-floating-library-with-glowing-runes-4k-fantasy-wallpaper', '/public/uploads/wallpapers/Magical Floating Library with Glowing Runes  4K Fantasy Wallpaper.jpeg', 'Magical Floating Library with Glowing Runes | 4K Fantasy Wallpaper', 'desktop', '', 0, '0000-00-00 00:00:00', 0, '0000-00-00 00:00:00', '2025-11-09 15:58:24', '2025-11-09 15:58:24', 'Magical Floating Library with Glowing Runes | 4K Fantasy Wallpaper', 'floating library wallpaper, 4k fantasy art, magical archives, glowing runes, celestial background, HD desktop wallpaper, book lover background, free download', 'Step into the Archives of a Thousand Skies with this stunning free 4K fantasy wallpaper. This image depicts a grand, floating library in a starry void, where glowing magical runes dance around ancient books. This dreamy digital art is ideal as an HD desktop background for book lovers and fantasy enthusiasts.', 'Download a free 4K fantasy wallpaper of a magical floating library where glowing runes dance around ancient books. This celestial HD desktop background is a perfect for readers and dreamers.'),
('majestic-snowy-mountain-reflection-in-alpine-lake-4k-wallpaper', '/public/uploads/wallpapers/Majestic Snowy Mountain Reflection in Alpine Lake  4K Wallpaper.jpeg', 'Majestic Snowy Mountain Reflection in Alpine Lake | 4K Wallpaper', 'desktop', '', 0, '0000-00-00 00:00:00', 0, '0000-00-00 00:00:00', '2025-11-07 16:55:34', '2025-11-07 16:55:34', 'Majestic Snowy Mountain Reflection in Alpine Lake | 4K Wallpaper', 'mountain reflection wallpaper, snowy mountain desktop background, alpine lake 4k wallpaper, serene nature wallpapers, free hd mountain images, calm landscape backgrounds', 'Capture the ultimate moment of alpine serenity with this stunning 4K wallpaper. The first light of dawn paints the rugged peak in soft pink and gold, while the air is so still it creates a perfect mirror image in the vibrant turquoise lake. This high-resolution background brings the awe-inspiring grandeur and peace of the high mountains directly to your desktop or desktop screen.', 'Download this stunning 4K wallpaper of a majestic snow-capped mountain perfectly reflected in a tranquil alpine lake at sunrise. A free HD desktop background for a serene and inspiring setup.'),
('milky-way-galaxy-over-a-silhouetted-mountain-peak-4k-starry-wallpaper', '/public/uploads/wallpapers/Milky Way Galaxy Over a Silhouetted Mountain Peak  4K Starry Wallpaper.jpeg', 'Milky Way Galaxy Over a Silhouetted Mountain Peak | 4K Starry Wallpaper', 'desktop', '', 0, '0000-00-00 00:00:00', 0, '0000-00-00 00:00:00', '2025-11-08 06:25:04', '2025-11-08 06:25:04', 'Milky Way Galaxy Over a Silhouetted Mountain Peak | 4K Starry Wallpaper', 'milky way desktop background, starry night wallpaper, galaxy over mountain, astrophotography 4k, dark mode wallpaper, cosmic backgrounds, free astronomy wallpapers', 'Explore the cosmos from your desktop with this stunning 4K Milky Way wallpaper. This astrophotography capture reveals the breathtaking detail of our galaxy, with its countless stars and cosmic dust clouds, arching over a lone, silhouetted mountain. This free download is the perfect dark background for stargazers and dreamers, offering a glimpse into the infinite universe every time you turn on your screen.', 'Download this free 4K Milky Way wallpaper featuring a detailed galaxy arc over a silhouetted mountain. A stunning starry night background for your desktop.'),
('minimalist-setup-of-floating-smart-devices-clean-tech-wallpaper', '/public/uploads/wallpapers/Minimalist Setup of Floating Smart Devices  Clean Tech Wallpaper.jpeg', 'Minimalist Setup of Floating Smart Devices | Clean Tech Wallpaper', 'desktop', '', 0, '0000-00-00 00:00:00', 0, '0000-00-00 00:00:00', '2025-11-08 06:43:08', '2025-11-08 06:43:08', 'Minimalist Setup of Floating Smart Devices | Clean Tech Wallpaper', 'minimalist tech wallpaper, floating devices background, clean desktop wallpaper, aesthetic tech setup, modern gadget wallpapers, apple style background, free minimalist download', 'Achieve a clean and modern look with this minimalist tech wallpaper. This image features a stylish arrangement of floating smart devices—a phone, earbuds, and a watch—against a serene grey backdrop. With their screens glowing softly with abstract visuals, this wallpaper is ideal for anyone who appreciates sleek design, Apple-esque aesthetics, and an uncluttered desktop.', 'Download this free minimalist wallpaper featuring a clean arrangement of floating smart devices. A modern and uncluttered tech background for a sleek desktop aesthetic.'),
('mysterious-sorcerer-in-an-enchanted-swamp-hd-fantasy-wallpaper', '/public/uploads/wallpapers/Mysterious Sorcerer in an Enchanted Swamp  HD Fantasy Wallpaper.jpeg', 'Mysterious Sorcerer in an Enchanted Swamp | HD Fantasy Wallpaper', 'desktop', '', 0, '0000-00-00 00:00:00', 0, '0000-00-00 00:00:00', '2025-11-09 15:54:41', '2025-11-09 15:54:41', 'Mysterious Sorcerer in an Enchanted Swamp | HD Fantasy Wallpaper', 'fantasy sorcerer wallpaper, HD fantasy background, enchanted swamp, mystical fog art, dark fantasy landscape, 4k desktop wallpaper, free download', 'Explore a mysterious and atmospheric fantasy scene with this free HD wallpaper. A lone, hooded sorcerer ventures into a foggy, enchanted swamp, using a glowing crystal staff to light their path. This digital art piece is perfect as a 4K desktop background for a moody and mystical ambiance.', 'Download a free HD fantasy wallpaper of a hooded sorcerer in an enchanted, foggy swamp. This atmospheric 4K desktop background features glowing magic and ancient ruins for a moody theme.'),
('neon-cyberpunk-city-street-with-holograms-futuristic-desktop-wallpaper', '/public/uploads/wallpapers/Neon Cyberpunk City Street with Holograms  Futuristic Desktop Wallpaper.jpeg', 'Neon Cyberpunk City Street with Holograms | Futuristic Desktop Wallpaper', 'desktop', '', 0, '0000-00-00 00:00:00', 0, '0000-00-00 00:00:00', '2025-11-08 06:38:00', '2025-11-08 06:38:00', 'Neon Cyberpunk City Street with Holograms | Futuristic Desktop Wallpaper', 'cyberpunk city wallpaper, neon futuristic background, hologram desktop, sci-fi wallpapers 4k, tech aesthetic, gaming desktop background, free cyberpunk download', ' Immerse your desktop in the energy of a futuristic metropolis with this cyberpunk wallpaper. This stunning scene captures a rain-slicked street dominated by towering skyscrapers, glowing neon signs, and ethereal holograms. The dynamic blend of deep blues and vibrant pinks creates a visually striking, moody background that is perfect for tech enthusiasts and gamers.', 'Download this free 4K cyberpunk wallpaper of a neon-drenched city street with holograms. A vibrant, futuristic background perfect for tech lovers and gaming setups.'),
('phantom-ghost-ship-on-moonlit-sea-hd-fantasy-wallpaper', '/public/uploads/wallpapers/Phantom Ghost Ship on Moonlit Sea  HD Fantasy Wallpaper.jpeg', 'Phantom Ghost Ship on Moonlit Sea | HD Fantasy Wallpaper', 'desktop', '', 0, '0000-00-00 00:00:00', 0, '0000-00-00 00:00:00', '2025-11-09 16:10:31', '2025-11-09 16:10:31', 'Phantom Ghost Ship on Moonlit Sea | HD Fantasy Wallpaper', 'ghost ship wallpaper, phantom ship fantasy, dark fantasy maritime, HD fantasy background, moonlit sea, atmospheric wallpaper, free 4k download, eerie desktop background', 'Download this haunting HD fantasy wallpaper of a phantom ghost ship sailing a moonlit, foggy sea. This atmospheric digital art piece features an ethereal vessel glowing with blue light, perfect as a free 4K desktop background for fans of dark fantasy and maritime myths.', 'Download a free HD fantasy wallpaper of a phantom ghost ship on a moonlit, foggy sea. This eerie and atmospheric 4K desktop background is perfect for dark fantasy and maritime myth fans.'),
('powerful-ocean-waves-crashing-against-rugged-cliffs-stormy-wallpaper', '/public/uploads/wallpapers/Powerful Ocean Waves Crashing Against Rugged Cliffs  Stormy Wallpaper.jpeg', 'Powerful Ocean Waves Crashing Against Rugged Cliffs | Stormy Wallpaper', 'desktop', '', 0, '0000-00-00 00:00:00', 0, '0000-00-00 00:00:00', '2025-11-08 06:21:53', '2025-11-08 06:21:53', 'Powerful Ocean Waves Crashing Against Rugged Cliffs | Stormy Wallpaper', 'stormy ocean wallpaper, wave crashing on cliffs, dramatic sea background, powerful nature wallpapers, moody desktop background, free hd ocean scenes, dynamic weather wallpapers', 'Capture the raw, untamed power of the sea with this stormy ocean wallpaper. This HD background showcases the dramatic moment where massive waves explode against timeless cliffs, under a moody, brooding sky. Its a powerful and dynamic free download, perfect for creating a dramatic and inspiring focal point on your desktop.', 'Download a free HD wallpaper of powerful stormy waves crashing against rugged cliffs. This dramatic ocean background brings the raw energy of the sea to your desktop.'),
('powerful-waterfall-in-a-dense-tropical-jungle-hd-nature-wallpaper', '/public/uploads/wallpapers/Powerful Waterfall in a Dense Tropical Jungle  HD Nature Wallpaper.jpeg', 'Powerful Waterfall in a Dense Tropical Jungle | HD Nature Wallpaper', 'desktop', '', 0, '0000-00-00 00:00:00', 0, '0000-00-00 00:00:00', '2025-11-07 18:19:30', '2025-11-07 18:19:30', 'Powerful Waterfall in a Dense Tropical Jungle | HD Nature Wallpaper', 'jungle waterfall background, tropical waterfall desktop, misty nature wallpapers, lush green wallpaper, powerful waterfall 4k, rainforest scene, free nature download', 'Feel the raw power and humidity of the tropics with this HD jungle waterfall wallpaper. Capture the moment a mighty waterfall plunges into a misty pool, surrounded by a jungle so lush and green it feels alive. This high-resolution background brings the energizing and fresh atmosphere of a pristine rainforest directly to your screen.', 'Download a free HD wallpaper of a powerful waterfall in a misty tropical jungle. This vibrant green background brings the raw energy and lush beauty of a rainforest to your desktop.'),
('rolling-sand-dunes-at-golden-hour-desert-landscape-wallpaper', '/public/uploads/wallpapers/Rolling Sand Dunes at Golden Hour  Desert Landscape Wallpaper.jpeg', 'Rolling Sand Dunes at Golden Hour | Desert Landscape Wallpaper', 'desktop', '', 0, '0000-00-00 00:00:00', 0, '0000-00-00 00:00:00', '2025-11-07 18:24:30', '2025-11-07 18:24:30', 'Rolling Sand Dunes at Golden Hour | Desert Landscape Wallpaper', 'sand dune wallpaper, desert landscape background, golden hour desktop, minimalist nature wallpapers, sahara desert 4k, warm sunset background, free desert download', 'Embrace the minimalist beauty and profound silence of the desert with this landscape wallpaper. The warm glow of the setting sun highlights the perfect, wind-sculpted curves of endless sand dunes, creating a scene of simple, stark elegance. This 4K background is perfect for creating a calm, uncluttered, and warm aesthetic on your desktop or phone.', 'Download this free 4K desert wallpaper featuring rolling sand dunes at golden hour. A minimalist and warm landscape background to create a calm, uncluttered look on your desktop.'),
('sunbeam-forest-path-with-mossy-trees-hd-wallpaper', '/public/uploads/wallpapers/Sunbeam Forest Path with Mossy Trees  HD Wallpaper.jpeg', 'Sunbeam Forest Path with Mossy Trees | HD Wallpaper', 'desktop', '', 0, '0000-00-00 00:00:00', 0, '0000-00-00 00:00:00', '2025-11-07 17:01:02', '2025-11-07 17:01:02', 'Sunbeam Forest Path with Mossy Trees | HD Wallpaper', 'forest path wallpaper, enchanted forest background, mossy trees desktop, sunbeam forest 4k, green nature wallpapers, magical woodland background, free hd forest download', 'Step into a storybook with this enchanting HD forest wallpaper. This image captures a serene path winding through an ancient, mossy woodland, where powerful sunbeams break through the canopy to illuminate the lush undergrowth. Ideal for nature lovers seeking a tranquil and magical background, it transforms your desktop into a gateway to a peaceful, green escape.', 'Download a free HD wallpaper of an enchanted forest path with sunbeams and moss-covered trees. This magical green background brings serene and fantasy nature vibes to your computer.'),
('vibrant-autumn-colors-reflected-in-a-forest-river-4k-fall-wallpaper', '/public/uploads/wallpapers/a_slow_moving_river_winding_through_a_dense.jpeg', 'Vibrant Autumn Colors Reflected in a Forest River | 4K Fall Wallpaper', 'desktop', '', 0, '0000-00-00 00:00:00', 0, '0000-00-00 00:00:00', '2025-11-08 06:16:05', '2025-11-08 06:16:05', 'Vibrant Autumn Colors Reflected in a Forest River | 4K Fall Wallpaper', 'autumn forest wallpaper, fall river background, autumn colors 4k, reflective water nature, cozy desktop wallpaper, free seasonal backgrounds, vibrant fall leaves', 'Immerse your screen in the stunning colors of the season with this 4K autumn wallpaper. This breathtaking scene captures a serene forest river acting as a perfect mirror to the fiery red and golden yellow canopy above. Its the ultimate free download to bring the cozy, warm, and vibrant atmosphere of fall to your desktop background all year round.', 'Download this free 4K autumn wallpaper of a vibrant forest river surrounded by red and golden trees. A stunning fall background to bring cozy seasonal vibes to your computer.');

CREATE TABLE wallpaper_categories (
  id varchar(255) NOT NULL,
  wallpaper_id varchar(255) NOT NULL,
  category_id varchar(255) NOT NULL,
  created TEXT DEFAULT CURRENT_TIMESTAMP(),
  modified TEXT DEFAULT CURRENT_TIMESTAMP()
);

INSERT INTO wallpaper_categories (id, wallpaper_id, category_id, created, modified) VALUES
('0eb66cc6-7a77-4e5d-85c7-9f5532be3591', 'archmage-channeling-prismatic-chaos-magic-4k-fantasy-wallpaper', 'fantasy-wallpapers', '2025-11-10 18:45:21', '2025-11-10 18:45:21'),
('103624d4-cfc7-4387-b5ae-70ef8e65ba14', 'rolling-sand-dunes-at-golden-hour-desert-landscape-wallpaper', 'nature-wallpapers', '2025-11-07 18:24:30', '2025-11-07 18:24:30'),
('22bcf67c-4e8e-46e2-93d6-310bbafed6ae', 'celestial-warrior-vs-dark-vortex-epic-4k-fantasy-wallpaper', 'fantasy-wallpapers', '2025-11-09 16:15:26', '2025-11-09 16:15:26'),
('24a5eb96-cbd4-4e40-897e-9a5860501223', 'milky-way-galaxy-over-a-silhouetted-mountain-peak-4k-starry-wallpaper', 'nature-wallpapers', '2025-11-08 06:25:04', '2025-11-08 06:25:04'),
('2ab5fffb-2af8-4aee-9eef-2b30db089b30', 'vibrant-autumn-colors-reflected-in-a-forest-river-4k-fall-wallpaper', 'nature-wallpapers', '2025-11-08 06:16:05', '2025-11-08 06:16:05'),
('34a1d5b6-ccc2-4a07-ab81-d413f886d7b5', 'dragon-guardian-of-the-ancient-tree-city-4k-fantasy-wallpaper', 'fantasy-wallpapers', '2025-11-09 15:50:09', '2025-11-09 15:50:09'),
('3cac9c9e-7171-433b-b791-88dfe65b994e', 'desert-of-two-moons-with-ancient-ruins-4k-fantasy-wallpaper', 'fantasy-wallpapers', '2025-11-10 18:28:33', '2025-11-10 18:28:33'),
('4bf242de-e6db-4e58-8a8c-28317450b5a7', 'neon-cyberpunk-city-street-with-holograms-futuristic-desktop-wallpaper', 'tech-wallpapers', '2025-11-08 06:38:00', '2025-11-08 06:38:00'),
('6cae234d-8fa5-46ee-8c0f-9821b186c-ay1', 'majestic-snowy-mountain-reflection-in-alpine-lake-4k-wallpaper', 'nature-wallpapers', '2025-11-07 12:35:39', '2025-11-07 12:35:39'),
('6cae234d-8fa5-46ee-8c0f-9821b186c-ay2', 'sunbeam-forest-path-with-mossy-trees-hd-wallpaper', 'nature-wallpapers', '2025-11-07 12:36:10', '2025-11-07 12:36:10'),
('6cae23dd-8fa5-46ee-8c0f-9881b186cf57', 'aerial-view-of-tropical-beach-with-turquoise-water-4k-wallpaper', 'nature-wallpapers', '2025-11-07 17:18:17', '2025-11-07 17:18:17'),
('70e1a31e-26f0-4add-9249-7bcab0d76d83', 'minimalist-setup-of-floating-smart-devices-clean-tech-wallpaper', 'tech-wallpapers', '2025-11-08 06:43:08', '2025-11-08 06:43:08'),
('7f2827f8-1cc0-4113-a21b-5de1474bb8b2', 'phantom-ghost-ship-on-moonlit-sea-hd-fantasy-wallpaper', 'fantasy-wallpapers', '2025-11-09 16:10:31', '2025-11-09 16:10:31'),
('9dcd607d-1203-4738-ad3d-069d9f0836e6', 'abstract-glowing-circuit-board-with-data-streams-tech-art-wallpaper', 'tech-wallpapers', '2025-11-08 06:40:08', '2025-11-08 06:40:08'),
('a4ab6fbc-a88e-4ef6-a301-1e46afa65150', 'macro-dewdrops-on-a-spider-web-detailed-nature-wallpaper', 'nature-wallpapers', '2025-11-08 06:30:04', '2025-11-08 06:30:04'),
('a5b71ab2-916f-4014-b72a-f63bf5987bcd', 'mysterious-sorcerer-in-an-enchanted-swamp-hd-fantasy-wallpaper', 'fantasy-wallpapers', '2025-11-09 15:54:41', '2025-11-09 15:54:41'),
('b8e9e54e-9db2-44c0-81e2-22c823419e74', 'powerful-ocean-waves-crashing-against-rugged-cliffs-stormy-wallpaper', 'nature-wallpapers', '2025-11-08 06:21:53', '2025-11-08 06:21:53'),
('c8b968e9-492c-4fc3-912c-81439c4225cb', 'aurora-borealis-reflected-in-a-serene-mountain-fjord-4k-night-wallpaper', 'nature-wallpapers', '2025-11-07 18:16:00', '2025-11-07 18:16:00'),
('d613dbab-8f84-403b-a32f-0d7ea19f993c', 'powerful-waterfall-in-a-dense-tropical-jungle-hd-nature-wallpaper', 'nature-wallpapers', '2025-11-07 18:19:30', '2025-11-07 18:19:30'),
('df309336-a9fd-4a9b-aa58-9db83768c47e', 'magical-floating-library-with-glowing-runes-4k-fantasy-wallpaper', 'fantasy-wallpapers', '2025-11-09 15:58:24', '2025-11-09 15:58:24'),
('f3317d70-57c1-4bab-b1eb-536f78f05b02', 'dwarven-king-on-stone-throne-in-mountain-hall-4k-fantasy-wallpaper', 'fantasy-wallpapers', '2025-11-10 18:36:38', '2025-11-10 18:36:38');

ALTER TABLE categories
  ADD PRIMARY KEY (id);
ALTER TABLE wallpapers
  ADD PRIMARY KEY (id);
ALTER TABLE wallpaper_categories
  ADD PRIMARY KEY (id),
  ADD KEY wallpaper_id (wallpaper_id),
  ADD KEY category_id (category_id);

COMMIT;